a	used before countable or singular nouns referring to people or things that have not already been mentioned<br><br>- a man/horse/unit<br>- an aunt/egg/hour/X-ray<br>- I can only carry two at a time.<br>- There's a visitor for you.<br>- She's a friend of my father's (= one of my father's friends).
about	a little more or less than; a little before or after<br><br>- It costs about $10.<br>- They waited (for) about an hour.<br>- He arrived (at) about ten.<br>- I'm just about ready.<br>- This is about the best we can hope for.
about	on the subject of somebody/something; in connection with somebody/something<br><br>- a book about flowers<br>- Tell me all about it.<br>- What's she so angry about?<br>- There's something strange about him.<br>- There's something about this business that is not quite right.
above	at or to a higher place<br><br>- Put it on the shelf above.<br>- Seen from above the cars looked tiny.<br>- I could hear somebody calling out my name from up above.<br>- They were acting on instructions from above (= from somebody in a higher position of authority).<br>- increases of 5% and above
above	at or to a higher place or position than something/somebody<br><br>- The water came above our knees.<br>- We were flying above the clouds.<br>- the people in the apartment above mine<br>- A captain in the navy ranks above a captain in the army.<br>- They finished the year six places above their local rivals.
across	from one side to the other side<br><br>- It's too wide. We can't swim across.<br>- The yard measures about 50 feet across.<br>- When my name was called, he looked across at me.<br>- There's a school just across from our house.<br>- I can't do 3 across.
across	from one side to the other side of something<br><br>- He walked across the field.<br>- I drew a line across the page.<br>- A grin spread across her face.<br>- Where's the nearest bridge across the river?<br>- There's a bank right across the street.
action	the process of doing something in order to make something happen or to deal with a situation<br><br>- The time has come for action if these beautiful animals are to survive.<br>- to threaten/demand/call for action<br>- Firefighters took action immediately to stop the blaze spreading.<br>- Divers were close at hand, ready to go into action if the stunt went wrong.<br>- What is the best course of action in the circumstances?
activity	a thing that you do for interest or pleasure<br><br>- leisure/outdoor/recreational activities<br>- The club provides a wide variety of activities including tennis, swimming and squash.<br>- criminal/terrorist/illegal activities<br>- The book contains plenty of ideas for classroom activities.<br>- He has decided to focus his time and resources on his business activities.
actor	a person who performs on the stage, on television or in films, especially as a profession<br><br>- Both lead actors (= the ones who play the main parts) are outstanding.<br>- She is one of the country’s leading actors.<br>- a stage/film/movie actor<br>- a Hollywood actor<br>- The movie starred a bunch of relatively unknown young actors. 
actress	a woman who performs on the stage, on television or in films, especially as a profession<br><br>- The Oscar-winning actress has taken a break from acting.<br>- the lead actress from a hit show<br>- In 1940 he married actress Jane Wyman.<br>- I became a very good actress and they nearly always believed me.
add	to put something together with something else so as to increase the size, number, amount, etc.<br><br>- Next add the flour.<br>- The juice contains no added sugar.<br>- As an added bonus, the book includes many black-and-white photographs.<br>- Melt the butter, then add the onion.<br>- The plan has the added (= extra) advantage of bringing employment to rural areas.
address	details of where somebody lives or works and where letters, etc. can be sent<br><br>- What's your name and address?<br>- I'll give you my address and phone number.<br>- Is that your home address?<br>- Please note my change of address.<br>- There was no return address on the envelope.
adult	a fully grown person who is legally responsible for their actions<br><br>- Children must be accompanied by an adult.<br>- I simply can't believe that responsible adults allowed a child to wander the streets.<br>- Why can't you two act like civilized adults?<br>- The obesity rate among adults has actually increased.<br>- The fish return to the river as adults in order to breed.
afraid	feeling fear; frightened because you think that you might be hurt or suffer<br><br>- Don't be afraid.<br>- It's all over. There's nothing to be afraid of now.<br>- He had always been afraid of dogs.<br>- They know I'm afraid of heights.<br>- Are you afraid of spiders?
after	later than something; following something in time<br><br>- We'll leave after lunch.<br>- They arrived shortly after 5.<br>- Not long after that he resigned.<br>- Let’s meet the day after tomorrow/the week after next.<br>- After winning the prize she became famous overnight.
again	one more time; on another occasion<br><br>- This must never happen again.<br>- Try again—it takes practice.<br>- Can we start again, please?<br>- Could you say it again, please?<br>- When will I see you again?
age	the number of years that a person has lived or a thing has existed<br><br>- You're the same age as my brother.<br>- ways of calculating the age of the earth<br>- to reach retirement age<br>- He left school at the age of 18.<br>- He started playing the piano at an early age.
agree	to have the same opinion as somebody; to say that you have the same opinion<br><br>- When he said that, I had to agree.<br>- ‘That's true’, she agreed.<br>- I totally agree with you!<br>- You can't expect them to agree on everything.<br>- He agreed with them about the need for change.
air	the mixture of gases that surrounds the earth and that we breathe<br><br>- Let's go out for some fresh air.<br>- a blast of hot air<br>- currents of warm air<br>- He stood outside, breathing the cold night air.<br>- She was gasping for air as she ran out of the burning house.
airport	a place where planes land and take off and that has buildings for passengers to wait in<br><br>- Gatwick Airport<br>- She arrived at Sao Paulo international airport on Friday to begin her journey.<br>- He landed at Heathrow airport this morning. <br>- waiting in the airport lounge/terminal<br>- Passengers were banned from taking hand luggage through airport security. 
all	the whole number of<br><br>- All horses are animals, but not all animals are horses.<br>- Cars were coming from all directions (= every direction).<br>- All the people you invited are coming.<br>- All my plants have died.<br>- All five of them are hard workers.
all	the whole number or amount<br><br>- All of the food has gone.<br>- They've eaten all of it.<br>- They've eaten it all.<br>- I invited some of my colleagues but not all.<br>- Not all of them were invited.
always	at all times; on every occasion<br><br>- There's almost always somebody at home in the evenings.<br>- Always lock your car.<br>- She always arrives at 7.30.<br>- The children always seem to be hungry.<br>- Success seems always to be out of reach.
amazing	very surprising, especially in a way that you like or admire<br><br>- an amazing feat/story/experience<br>- That's amazing, isn't it?<br>- The amazing thing is, he really believes he'll get away with it.<br>- It was truly amazing to see how much work goes into a Broadway musical.<br>- It's amazing how quickly people adapt.
and	also; in addition to<br><br>- bread and butter<br>- a table, two chairs and a desk<br>- Sue and I left early.<br>- Do it slowly and carefully.<br>- Can he read and write?
angry	having strong feelings about something that you dislike very much or about an unfair situation<br><br>- Her behaviour really made me angry.<br>- I started to get really angry and upset. <br>- The players were attacked by an angry mob.<br>- The comments provoked an angry response from union leaders.<br>- Thousands of angry demonstrators filled the square.
animal	a creature that is not a bird, a fish, a reptile, an insect or a human<br><br>- the animals and birds of South America<br>- wild/farm animals<br>- domestic animals such as dogs and cats<br>- the export of live animals for slaughter<br>- Fish oils are less saturated than animal fats.
another	one more; an extra thing or person<br><br>- Would you like another drink?<br>- ‘Finished?’ ‘No, I've got another three questions to do.’<br>- We've still got another (= a further) forty miles to go.<br>- ‘It's a bill.’ ‘Oh no, not another!’<br>- I got another of those calls yesterday.
another	one more; an extra thing or person<br><br>- Would you like another drink?<br>- ‘Finished?’ ‘No, I've got another three questions to do.’<br>- We've still got another (= a further) forty miles to go.<br>- ‘It's a bill.’ ‘Oh no, not another!’<br>- I got another of those calls yesterday.
answer	something that you say, write or do to react to a question or situation<br><br>- I rang the bell, but there was no answer.<br>- Can't you give me a definitive answer?<br>- The short answer is no.<br>- The simple answer is that we don't know.<br>- a question and answer session
answer	to say, write or do something as a reaction to a question or situation<br><br>- I repeated the question, but she didn't answer.<br>- Please answer honestly.<br>- She answered in the affirmative (= said yes).<br>- You haven't answered my question.<br>- All you have to do is correctly answer the following questions about geography. 
any	used with uncountable or plural nouns in negative sentences and questions, after if or whether, and after some verbs such as prevent, ban, forbid, etc. to refer to an amount or a number of something, however large or small<br><br>- I didn't eat any meat.<br>- Are there any stamps?<br>- I've got hardly any money.<br>- You can't go out without any shoes.<br>- He forbids any talking in class.
any	used in negative sentences and in questions and after if or whether to refer to an amount or a number, however large or small<br><br>- We need some more paint; there isn't any left.<br>- I need some stamps. Are there any in your bag?<br>- Please let me know how many people are coming, if any.<br>- She spent hardly any of the money.<br>- He returned home without any of the others.
anyone	used instead of someone in negative sentences and in questions after if/whether, and after verbs such as prevent, forbid, avoid, etc.<br><br>- Is anyone there?<br>- Does anyone else want to come?<br>- Did anyone see you?<br>- Hardly anyone came.<br>- I forbid anyone to touch that clock.
anything	used instead of something in negative sentences and in questions; after if/whether; and after verbs such as prevent, ban, avoid, etc.<br><br>- Would you like anything else?<br>- There's never anything worth watching on TV.<br>- If you remember anything at all, please let us know.<br>- We hope to prevent anything unpleasant from happening.<br>- I'm so hungry, I'll eat anything.
apartment	a set of rooms for living in, usually on one floor of a building<br><br>- an apartment building<br>- I was renting a two-bedroom apartment in an old building.<br>- A group of developers wants to build a high-rise apartment complex.<br>- I lived on the ground floor of an apartment block. <br>- They left their fourth-floor apartment on Mott Street and walked to the bus.
april	the fourth month of the year, between March and May<br><br>- She was born in April.<br>- The meeting is on the fifth of April/April the fifth.<br>- The meeting is on April fifth.<br>- We went to Japan last April.<br>- I arrived at the end of April.
area	part of a place, town, etc., or a region of a country or the world<br><br>- to improve access to services in rural areas<br>- urban/metropolitan/residential areas<br>- The farm and surrounding area were flooded.<br>- She knows the local area very well.<br>- the area around San Francisco
arm	either of the two long parts that stick out from the top of the body and connect the shoulders to the hands<br><br>- He escaped with only a broken arm.<br>- Pearl wrapped her arms around her son and hugged him tightly.<br>- She threw her arms around his neck.<br>- He was running forward, waving his arms.<br>- The officer grabbed him by the arm (= grabbed his arm).
around	approximately<br><br>- He arrived around five o'clock.<br>- The cost would be somewhere around £1 500.<br>- There were only around 125 people present.<br>- The correct figure is actually around double that amount.<br>- I could hear laughter all around.
around	surrounding somebody/something; on each side of something<br><br>- The house is built around a central courtyard.<br>- He put his arms around her.<br>- Our house is just around the corner.<br>- The bus came around the bend.<br>- There must be a way around the problem.
arrive	to get to a place, especially at the end of a journey<br><br>- I'll wait until they arrive.<br>- I was pleased to hear you arrived home safely.<br>- to arrive early/late for a meeting<br>- She'll arrive in New York at noon.<br>- The train arrived at the station 20 minutes late.
